precinct,raceName,name,votePercentage
1001,President and Vice President,Donald J. Trump ,19.85%
1001,President and Vice President,Joseph R. Biden ,77.92%
1001,President and Vice President,Jo Jorgensen ,1.67%
1001,President and Vice President,Howie Hawkins ,0.37%
1001,President and Vice President,Write-In Totals ,0.19%
1001,United States Senator,John Cornyn ,23.08%
1001,United States Senator,"Mary ""MJ"" Hegar ",74.30%
1001,United States Senator,Kerry Douglas McKennon ,1.88%
1001,United States Senator,David B. Collins ,0.75%
1001,United States Senator,Write-In Totals ,0.00%
1001,"United States Representative, District 35",Jenny Garcia Sharon ,20.04%
1001,"United States Representative, District 35",Lloyd Doggett ,76.37%
1001,"United States Representative, District 35",Mark Loewe ,2.46%
1001,"United States Representative, District 35",Jason Mata,1.13%
1001,Railroad Commissioner,"James ""Jim"" Wright ",21.40%
1001,Railroad Commissioner,Chrysta Casta,74.62%
1001,Railroad Commissioner,Matt Sterett ,2.84%
1001,Railroad Commissioner,"Katija ""Kat"" Gruene ",1.14%
1001,"Chief Justice, Supreme Court",Nathan Hecht ,21.10%
1001,"Chief Justice, Supreme Court",Amy Clark Meachum ,75.86%
1001,"Chief Justice, Supreme Court",Mark Ash ,3.04%
1001,"Justice, Supreme Court, Place 6 (Unexpired Term)",Jane Bland ,23.33%
1001,"Justice, Supreme Court, Place 6 (Unexpired Term)",Kathy Cheng ,76.67%
1001,"Justice, Supreme Court, Place 7",Jeff Boyd ,22.73%
1001,"Justice, Supreme Court, Place 7",Staci Williams ,74.81%
1001,"Justice, Supreme Court, Place 7",William Bryan Strange III ,2.46%
1001,"Justice, Supreme Court, Place 8",Brett Busby ,21.52%
1001,"Justice, Supreme Court, Place 8",Gisela D. Triana ,75.81%
1001,"Justice, Supreme Court, Place 8",Tom Oxford ,2.67%
1001,"Judge, Court of Criminal Appeals, Place 3",Bert Richardson ,24.38%
1001,"Judge, Court of Criminal Appeals, Place 3",Elizabeth Davis Frizell ,75.62%
1001,"Judge, Court of Criminal Appeals, Place 4",Kevin Patrick Yeary ,23.09%
1001,"Judge, Court of Criminal Appeals, Place 4",Tina Clinton ,76.91%
1001,"Judge, Court of Criminal Appeals, Place 9",David Newell ,23.66%
1001,"Judge, Court of Criminal Appeals, Place 9",Brandon Birmingham ,76.34%
1001,"State Senator, District 26",Jos,87.55%
1001,"State Senator, District 26",Juli,12.45%
1001,"Chief Justice, 4th Court of Appeals District",Ren,23.80%
1001,"Chief Justice, 4th Court of Appeals District",Rebeca Martinez ,76.20%
1001,"District Judge, 37th Judicial District",Joseph P. Appelt ,21.56%
1001,"District Judge, 37th Judicial District",Nicole Garza ,78.44%
1001,"District Judge, 144th Judicial District (Unexpired Term)",Melisa Skinner ,26.29%
1001,"District Judge, 144th Judicial District (Unexpired Term)",Michael Mery ,73.71%
1001,"District Judge, 386th Judicial District",Daphne Previti Austin ,22.37%
1001,"District Judge, 386th Judicial District","Jacqueline ""Jackie"" Vald",77.63%
1001,"District Judge, 399th Judicial District",Walden Shelton ,21.86%
1001,"District Judge, 399th Judicial District",Frank J. Castro ,78.14%
1001,"District Judge, 407th Judicial District",Stephani Walsh ,21.95%
1001,"District Judge, 407th Judicial District",Tina Torres ,78.05%
1001,Sheriff,"Gerard C. ""Gerry"" Rickhoff ",19.59%
1001,Sheriff,Javier Salazar ,80.04%
1001,Sheriff,Write-In Totals ,0.38%
1001,County Tax Assessor-Collector,Stephen David Pennington ,23.34%
1001,County Tax Assessor-Collector,Albert Uresti ,76.66%
1001,"County Commissioner, Precinct No. 1",Gabriel Lara ,22.54%
1001,"County Commissioner, Precinct No. 1","Rebeca ""Becky"" Clay-Flores ",77.46%
1001,CITY OF SAN ANTONIO - PROPOSITION A,FOR ,74.90%
1001,CITY OF SAN ANTONIO - PROPOSITION A,AGAINST ,25.10%
1001,CITY OF SAN ANTONIO - PROPOSITION B,FOR ,79.19%
1001,CITY OF SAN ANTONIO - PROPOSITION B,AGAINST ,20.81%
1001,Advanced Transportation District - Proposition A,FOR ,74.61%
1001,Advanced Transportation District - Proposition A,AGAINST ,25.39%
1001,SAN ANTONIO ISD - PROPOSITION A,FOR ,64.73%
1001,SAN ANTONIO ISD - PROPOSITION A,AGAINST ,35.27%
1001,SAN ANTONIO ISD - PROPOSITION B,FOR ,66.73%
1001,SAN ANTONIO ISD - PROPOSITION B,AGAINST ,33.27%
1002,President and Vice President,Donald J. Trump ,33.12%
1002,President and Vice President,Joseph R. Biden ,64.77%
1002,President and Vice President,Jo Jorgensen ,1.48%
1002,President and Vice President,Howie Hawkins ,0.63%
1002,President and Vice President,Write-In Totals ,0.00%
1002,United States Senator,John Cornyn ,37.12%
1002,United States Senator,"Mary ""MJ"" Hegar ",60.73%
1002,United States Senator,Kerry Douglas McKennon ,1.07%
1002,United States Senator,David B. Collins ,1.07%
1002,United States Senator,Write-In Totals ,0.00%
1002,"United States Representative, District 23",Tony Gonzales ,36.52%
1002,"United States Representative, District 23",Gina Ortiz Jones ,60.72%
1002,"United States Representative, District 23",Beto Villela ,2.76%
1002,Railroad Commissioner,"James ""Jim"" Wright ",34.56%
1002,Railroad Commissioner,Chrysta Casta,61.77%
1002,Railroad Commissioner,Matt Sterett ,1.30%
1002,Railroad Commissioner,"Katija ""Kat"" Gruene ",2.38%
1002,"Chief Justice, Supreme Court",Nathan Hecht ,35.56%
1002,"Chief Justice, Supreme Court",Amy Clark Meachum ,62.07%
1002,"Chief Justice, Supreme Court",Mark Ash ,2.37%
1002,"Justice, Supreme Court, Place 6 (Unexpired Term)",Jane Bland ,36.01%
1002,"Justice, Supreme Court, Place 6 (Unexpired Term)",Kathy Cheng ,63.99%
1002,"Justice, Supreme Court, Place 7",Jeff Boyd ,35.71%
1002,"Justice, Supreme Court, Place 7",Staci Williams ,61.26%
1002,"Justice, Supreme Court, Place 7",William Bryan Strange III ,3.03%
1002,"Justice, Supreme Court, Place 8",Brett Busby ,36.09%
1002,"Justice, Supreme Court, Place 8",Gisela D. Triana ,61.96%
1002,"Justice, Supreme Court, Place 8",Tom Oxford ,1.96%
1002,"Judge, Court of Criminal Appeals, Place 3",Bert Richardson ,36.42%
1002,"Judge, Court of Criminal Appeals, Place 3",Elizabeth Davis Frizell ,63.58%
1002,"Judge, Court of Criminal Appeals, Place 4",Kevin Patrick Yeary ,36.58%
1002,"Judge, Court of Criminal Appeals, Place 4",Tina Clinton ,63.42%
1002,"Judge, Court of Criminal Appeals, Place 9",David Newell ,36.62%
1002,"Judge, Court of Criminal Appeals, Place 9",Brandon Birmingham ,63.38%
1002,"State Senator, District 26",Jos,78.64%
1002,"State Senator, District 26",Juli,21.36%
1002,"Chief Justice, 4th Court of Appeals District",Ren,37.09%
1002,"Chief Justice, 4th Court of Appeals District",Rebeca Martinez ,62.91%
1002,"District Judge, 37th Judicial District",Joseph P. Appelt ,34.27%
1002,"District Judge, 37th Judicial District",Nicole Garza ,65.73%
1002,"District Judge, 144th Judicial District (Unexpired Term)",Melisa Skinner ,38.39%
1002,"District Judge, 144th Judicial District (Unexpired Term)",Michael Mery ,61.61%
1002,"District Judge, 386th Judicial District",Daphne Previti Austin ,36.44%
1002,"District Judge, 386th Judicial District","Jacqueline ""Jackie"" Vald",63.56%
1002,"District Judge, 399th Judicial District",Walden Shelton ,34.92%
1002,"District Judge, 399th Judicial District",Frank J. Castro ,65.08%
1002,"District Judge, 407th Judicial District",Stephani Walsh ,36.09%
1002,"District Judge, 407th Judicial District",Tina Torres ,63.91%
1002,Sheriff,"Gerard C. ""Gerry"" Rickhoff ",31.91%
1002,Sheriff,Javier Salazar ,67.02%
1002,Sheriff,Write-In Totals ,1.07%
1002,County Tax Assessor-Collector,Stephen David Pennington ,32.83%
1002,County Tax Assessor-Collector,Albert Uresti ,67.17%
1002,"County Commissioner, Precinct No. 1",Gabriel Lara ,36.07%
1002,"County Commissioner, Precinct No. 1","Rebeca ""Becky"" Clay-Flores ",63.93%
1002,CITY OF SAN ANTONIO - PROPOSITION A,FOR ,75.12%
1002,CITY OF SAN ANTONIO - PROPOSITION A,AGAINST ,24.88%
1002,CITY OF SAN ANTONIO - PROPOSITION B,FOR ,76.26%
1002,CITY OF SAN ANTONIO - PROPOSITION B,AGAINST ,23.74%
1002,Advanced Transportation District - Proposition A,FOR ,67.41%
1002,Advanced Transportation District - Proposition A,AGAINST ,32.59%
1003,President and Vice President,Donald J. Trump ,19.34%
1003,President and Vice President,Joseph R. Biden ,79.51%
1003,President and Vice President,Jo Jorgensen ,0.79%
1003,President and Vice President,Howie Hawkins ,0.00%
1003,President and Vice President,Write-In Totals ,0.36%
1003,United States Senator,John Cornyn ,21.54%
1003,United States Senator,"Mary ""MJ"" Hegar ",75.38%
1003,United States Senator,Kerry Douglas McKennon ,2.12%
1003,United States Senator,David B. Collins ,0.81%
1003,United States Senator,Write-In Totals ,0.15%
1003,"United States Representative, District 35",Jenny Garcia Sharon ,19.22%
1003,"United States Representative, District 35",Lloyd Doggett ,76.51%
1003,"United States Representative, District 35",Mark Loewe ,2.36%
1003,"United States Representative, District 35",Jason Mata,1.91%
1003,Railroad Commissioner,"James ""Jim"" Wright ",20.46%
1003,Railroad Commissioner,Chrysta Casta,75.69%
1003,Railroad Commissioner,Matt Sterett ,2.08%
1003,Railroad Commissioner,"Katija ""Kat"" Gruene ",1.78%
1003,"Chief Justice, Supreme Court",Nathan Hecht ,19.45%
1003,"Chief Justice, Supreme Court",Amy Clark Meachum ,77.65%
1003,"Chief Justice, Supreme Court",Mark Ash ,2.91%
1003,"Justice, Supreme Court, Place 6 (Unexpired Term)",Jane Bland ,20.74%
1003,"Justice, Supreme Court, Place 6 (Unexpired Term)",Kathy Cheng ,79.26%
1003,"Justice, Supreme Court, Place 7",Jeff Boyd ,19.42%
1003,"Justice, Supreme Court, Place 7",Staci Williams ,76.99%
1003,"Justice, Supreme Court, Place 7",William Bryan Strange III ,3.60%
1003,"Justice, Supreme Court, Place 8",Brett Busby ,19.40%
1003,"Justice, Supreme Court, Place 8",Gisela D. Triana ,77.53%
1003,"Justice, Supreme Court, Place 8",Tom Oxford ,3.07%
1003,"Judge, Court of Criminal Appeals, Place 3",Bert Richardson ,20.65%
1003,"Judge, Court of Criminal Appeals, Place 3",Elizabeth Davis Frizell ,79.35%
1003,"Judge, Court of Criminal Appeals, Place 4",Kevin Patrick Yeary ,20.96%
1003,"Judge, Court of Criminal Appeals, Place 4",Tina Clinton ,79.04%
1003,"Judge, Court of Criminal Appeals, Place 9",David Newell ,21.34%
1003,"Judge, Court of Criminal Appeals, Place 9",Brandon Birmingham ,78.66%
1003,"State Senator, District 26",Jos,84.28%
1003,"State Senator, District 26",Juli,15.72%
1003,"Chief Justice, 4th Court of Appeals District",Ren,20.46%
1003,"Chief Justice, 4th Court of Appeals District",Rebeca Martinez ,79.54%
1003,"District Judge, 37th Judicial District",Joseph P. Appelt ,19.31%
1003,"District Judge, 37th Judicial District",Nicole Garza ,80.69%
1003,"District Judge, 144th Judicial District (Unexpired Term)",Melisa Skinner ,22.78%
1003,"District Judge, 144th Judicial District (Unexpired Term)",Michael Mery ,77.22%
1003,"District Judge, 386th Judicial District",Daphne Previti Austin ,19.68%
1003,"District Judge, 386th Judicial District","Jacqueline ""Jackie"" Vald",80.32%
1003,"District Judge, 399th Judicial District",Walden Shelton ,18.95%
1003,"District Judge, 399th Judicial District",Frank J. Castro ,81.05%
1003,"District Judge, 407th Judicial District",Stephani Walsh ,20.27%
1003,"District Judge, 407th Judicial District",Tina Torres ,79.73%
1003,Sheriff,"Gerard C. ""Gerry"" Rickhoff ",18.56%
1003,Sheriff,Javier Salazar ,81.07%
1003,Sheriff,Write-In Totals ,0.37%
1003,County Tax Assessor-Collector,Stephen David Pennington ,21.49%
1003,County Tax Assessor-Collector,Albert Uresti ,78.51%
1003,"County Commissioner, Precinct No. 1",Gabriel Lara ,19.76%
1003,"County Commissioner, Precinct No. 1","Rebeca ""Becky"" Clay-Flores ",80.24%
1003,CITY OF SAN ANTONIO - PROPOSITION A,FOR ,82.51%
1003,CITY OF SAN ANTONIO - PROPOSITION A,AGAINST ,17.49%
1003,CITY OF SAN ANTONIO - PROPOSITION B,FOR ,84.16%
1003,CITY OF SAN ANTONIO - PROPOSITION B,AGAINST ,15.84%
1003,Advanced Transportation District - Proposition A,FOR ,76.99%
1003,Advanced Transportation District - Proposition A,AGAINST ,23.01%
1003,SAN ANTONIO ISD - PROPOSITION A,FOR ,72.56%
1003,SAN ANTONIO ISD - PROPOSITION A,AGAINST ,27.44%
1003,SAN ANTONIO ISD - PROPOSITION B,FOR ,73.91%
1003,SAN ANTONIO ISD - PROPOSITION B,AGAINST ,26.09%
1004,President and Vice President,Donald J. Trump ,22.72%
1004,President and Vice President,Joseph R. Biden ,76.50%
1004,President and Vice President,Jo Jorgensen ,0.58%
1004,President and Vice President,Howie Hawkins ,0.19%
1004,President and Vice President,Write-In Totals ,0.00%
1004,United States Senator,John Cornyn ,23.29%
1004,United States Senator,"Mary ""MJ"" Hegar ",73.49%
1004,United States Senator,Kerry Douglas McKennon ,1.41%
1004,United States Senator,David B. Collins ,1.81%
1004,United States Senator,Write-In Totals ,0.00%
1004,"United States Representative, District 35",Jenny Garcia Sharon ,20.25%
1004,"United States Representative, District 35",Lloyd Doggett ,74.64%
1004,"United States Representative, District 35",Mark Loewe ,1.84%
1004,"United States Representative, District 35",Jason Mata,3.27%
1004,Railroad Commissioner,"James ""Jim"" Wright ",19.80%
1004,Railroad Commissioner,Chrysta Casta,76.36%
1004,Railroad Commissioner,Matt Sterett ,1.21%
1004,Railroad Commissioner,"Katija ""Kat"" Gruene ",2.63%
1004,"Chief Justice, Supreme Court",Nathan Hecht ,19.96%
1004,"Chief Justice, Supreme Court",Amy Clark Meachum ,78.00%
1004,"Chief Justice, Supreme Court",Mark Ash ,2.04%
1004,"Justice, Supreme Court, Place 6 (Unexpired Term)",Jane Bland ,21.03%
1004,"Justice, Supreme Court, Place 6 (Unexpired Term)",Kathy Cheng ,78.97%
1004,"Justice, Supreme Court, Place 7",Jeff Boyd ,21.36%
1004,"Justice, Supreme Court, Place 7",Staci Williams ,76.18%
1004,"Justice, Supreme Court, Place 7",William Bryan Strange III ,2.46%
1004,"Justice, Supreme Court, Place 8",Brett Busby ,18.39%
1004,"Justice, Supreme Court, Place 8",Gisela D. Triana ,78.93%
1004,"Justice, Supreme Court, Place 8",Tom Oxford ,2.69%
1004,"Judge, Court of Criminal Appeals, Place 3",Bert Richardson ,20.91%
1004,"Judge, Court of Criminal Appeals, Place 3",Elizabeth Davis Frizell ,79.09%
1004,"Judge, Court of Criminal Appeals, Place 4",Kevin Patrick Yeary ,19.83%
1004,"Judge, Court of Criminal Appeals, Place 4",Tina Clinton ,80.17%
1004,"Judge, Court of Criminal Appeals, Place 9",David Newell ,22.09%
1004,"Judge, Court of Criminal Appeals, Place 9",Brandon Birmingham ,77.91%
1004,"State Senator, District 26",Jos,83.99%
1004,"State Senator, District 26",Juli,16.01%
1004,"State Representative, District 119",George B. Garza ,19.35%
1004,"State Representative, District 119","Elizabeth ""Liz"" Campos ",77.22%
1004,"State Representative, District 119",Arthur M. Thomas IV ,1.41%
1004,"State Representative, District 119",Antonio Padron ,2.02%
1004,"Chief Justice, 4th Court of Appeals District",Ren,19.02%
1004,"Chief Justice, 4th Court of Appeals District",Rebeca Martinez ,80.98%
1004,"District Judge, 37th Judicial District",Joseph P. Appelt ,18.26%
1004,"District Judge, 37th Judicial District",Nicole Garza ,81.74%
1004,"District Judge, 144th Judicial District (Unexpired Term)",Melisa Skinner ,22.61%
1004,"District Judge, 144th Judicial District (Unexpired Term)",Michael Mery ,77.39%
1004,"District Judge, 386th Judicial District",Daphne Previti Austin ,18.76%
1004,"District Judge, 386th Judicial District","Jacqueline ""Jackie"" Vald",81.24%
1004,"District Judge, 399th Judicial District",Walden Shelton ,16.25%
1004,"District Judge, 399th Judicial District",Frank J. Castro ,83.75%
1004,"District Judge, 407th Judicial District",Stephani Walsh ,17.86%
1004,"District Judge, 407th Judicial District",Tina Torres ,82.14%
1004,Sheriff,"Gerard C. ""Gerry"" Rickhoff ",18.00%
1004,Sheriff,Javier Salazar ,81.60%
1004,Sheriff,Write-In Totals ,0.40%
1004,County Tax Assessor-Collector,Stephen David Pennington ,19.76%
1004,County Tax Assessor-Collector,Albert Uresti ,80.24%
1004,"County Commissioner, Precinct No. 1",Gabriel Lara ,19.30%
1004,"County Commissioner, Precinct No. 1","Rebeca ""Becky"" Clay-Flores ",80.70%
1004,CITY OF SAN ANTONIO - PROPOSITION A,FOR ,77.02%
1004,CITY OF SAN ANTONIO - PROPOSITION A,AGAINST ,22.98%
1004,CITY OF SAN ANTONIO - PROPOSITION B,FOR ,82.19%
1004,CITY OF SAN ANTONIO - PROPOSITION B,AGAINST ,17.81%
1004,Advanced Transportation District - Proposition A,FOR ,70.67%
1004,Advanced Transportation District - Proposition A,AGAINST ,29.33%
1004,SAN ANTONIO ISD - PROPOSITION A,FOR ,68.65%
1004,SAN ANTONIO ISD - PROPOSITION A,AGAINST ,31.35%
1004,SAN ANTONIO ISD - PROPOSITION B,FOR ,70.64%
1004,SAN ANTONIO ISD - PROPOSITION B,AGAINST ,29.36%
1005,President and Vice President,Donald J. Trump ,22.27%
1005,President and Vice President,Joseph R. Biden ,76.17%
1005,President and Vice President,Jo Jorgensen ,0.67%
1005,President and Vice President,Howie Hawkins ,0.89%
1005,President and Vice President,Write-In Totals ,0.00%
1005,United States Senator,John Cornyn ,23.56%
1005,United States Senator,"Mary ""MJ"" Hegar ",73.67%
1005,United States Senator,Kerry Douglas McKennon ,1.15%
1005,United States Senator,David B. Collins ,1.62%
1005,United States Senator,Write-In Totals ,0.00%
1005,"United States Representative, District 20",Mauro Garza ,17.39%
1005,"United States Representative, District 20",Joaquin Castro ,81.01%
1005,"United States Representative, District 20",Jeffrey Blunt ,1.60%
1005,Railroad Commissioner,"James ""Jim"" Wright ",19.91%
1005,Railroad Commissioner,Chrysta Casta,76.89%
1005,Railroad Commissioner,Matt Sterett ,1.83%
1005,Railroad Commissioner,"Katija ""Kat"" Gruene ",1.37%
1005,"Chief Justice, Supreme Court",Nathan Hecht ,17.67%
1005,"Chief Justice, Supreme Court",Amy Clark Meachum ,78.60%
1005,"Chief Justice, Supreme Court",Mark Ash ,3.72%
1005,"Justice, Supreme Court, Place 6 (Unexpired Term)",Jane Bland ,23.35%
1005,"Justice, Supreme Court, Place 6 (Unexpired Term)",Kathy Cheng ,76.65%
1005,"Justice, Supreme Court, Place 7",Jeff Boyd ,19.95%
1005,"Justice, Supreme Court, Place 7",Staci Williams ,77.73%
1005,"Justice, Supreme Court, Place 7",William Bryan Strange III ,2.32%
1005,"Justice, Supreme Court, Place 8",Brett Busby ,20.09%
1005,"Justice, Supreme Court, Place 8",Gisela D. Triana ,77.37%
1005,"Justice, Supreme Court, Place 8",Tom Oxford ,2.54%
1005,"Judge, Court of Criminal Appeals, Place 3",Bert Richardson ,21.06%
1005,"Judge, Court of Criminal Appeals, Place 3",Elizabeth Davis Frizell ,78.94%
1005,"Judge, Court of Criminal Appeals, Place 4",Kevin Patrick Yeary ,21.53%
1005,"Judge, Court of Criminal Appeals, Place 4",Tina Clinton ,78.47%
1005,"Judge, Court of Criminal Appeals, Place 9",David Newell ,21.65%
1005,"Judge, Court of Criminal Appeals, Place 9",Brandon Birmingham ,78.35%
1005,"State Senator, District 26",Jos,91.71%
1005,"State Senator, District 26",Juli,8.29%
1005,"State Representative, District 119",George B. Garza ,18.84%
1005,"State Representative, District 119","Elizabeth ""Liz"" Campos ",76.74%
1005,"State Representative, District 119",Arthur M. Thomas IV ,2.56%
1005,"State Representative, District 119",Antonio Padron ,1.86%
1005,"Chief Justice, 4th Court of Appeals District",Ren,18.31%
1005,"Chief Justice, 4th Court of Appeals District",Rebeca Martinez ,81.69%
1005,"District Judge, 37th Judicial District",Joseph P. Appelt ,18.41%
1005,"District Judge, 37th Judicial District",Nicole Garza ,81.59%
1005,"District Judge, 144th Judicial District (Unexpired Term)",Melisa Skinner ,22.48%
1005,"District Judge, 144th Judicial District (Unexpired Term)",Michael Mery ,77.52%
1005,"District Judge, 386th Judicial District",Daphne Previti Austin ,18.87%
1005,"District Judge, 386th Judicial District","Jacqueline ""Jackie"" Vald",81.13%
1005,"District Judge, 399th Judicial District",Walden Shelton ,17.67%
1005,"District Judge, 399th Judicial District",Frank J. Castro ,82.33%
1005,"District Judge, 407th Judicial District",Stephani Walsh ,18.08%
1005,"District Judge, 407th Judicial District",Tina Torres ,81.92%
1005,Sheriff,"Gerard C. ""Gerry"" Rickhoff ",15.30%
1005,Sheriff,Javier Salazar ,84.47%
1005,Sheriff,Write-In Totals ,0.23%
1005,County Tax Assessor-Collector,Stephen David Pennington ,18.54%
1005,County Tax Assessor-Collector,Albert Uresti ,81.46%
1005,"County Commissioner, Precinct No. 1",Gabriel Lara ,20.74%
1005,"County Commissioner, Precinct No. 1","Rebeca ""Becky"" Clay-Flores ",79.26%
1005,CITY OF SAN ANTONIO - PROPOSITION A,FOR ,80.85%
1005,CITY OF SAN ANTONIO - PROPOSITION A,AGAINST ,19.15%
1005,CITY OF SAN ANTONIO - PROPOSITION B,FOR ,85.99%
1005,CITY OF SAN ANTONIO - PROPOSITION B,AGAINST ,14.01%
1005,Advanced Transportation District - Proposition A,FOR ,76.89%
1005,Advanced Transportation District - Proposition A,AGAINST ,23.11%
1005,SAN ANTONIO ISD - PROPOSITION A,FOR ,71.12%
1005,SAN ANTONIO ISD - PROPOSITION A,AGAINST ,28.88%
1005,SAN ANTONIO ISD - PROPOSITION B,FOR ,73.22%
1005,SAN ANTONIO ISD - PROPOSITION B,AGAINST ,26.78%
1006,President and Vice President,Donald J. Trump ,25.41%
1006,President and Vice President,Joseph R. Biden ,73.48%
1006,President and Vice President,Jo Jorgensen ,0.77%
1006,President and Vice President,Howie Hawkins ,0.34%
1006,President and Vice President,Write-In Totals ,0.00%
1006,United States Senator,John Cornyn ,26.21%
1006,United States Senator,"Mary ""MJ"" Hegar ",70.87%
1006,United States Senator,Kerry Douglas McKennon ,1.77%
1006,United States Senator,David B. Collins ,1.15%
1006,United States Senator,Write-In Totals ,0.00%
1006,"United States Representative, District 20",Mauro Garza ,21.05%
1006,"United States Representative, District 20",Joaquin Castro ,78.07%
1006,"United States Representative, District 20",Jeffrey Blunt ,0.88%
1006,Railroad Commissioner,"James ""Jim"" Wright ",23.21%
1006,Railroad Commissioner,Chrysta Casta,74.05%
1006,Railroad Commissioner,Matt Sterett ,1.51%
1006,Railroad Commissioner,"Katija ""Kat"" Gruene ",1.24%
1006,"Chief Justice, Supreme Court",Nathan Hecht ,23.02%
1006,"Chief Justice, Supreme Court",Amy Clark Meachum ,74.84%
1006,"Chief Justice, Supreme Court",Mark Ash ,2.13%
1006,"Justice, Supreme Court, Place 6 (Unexpired Term)",Jane Bland ,24.22%
1006,"Justice, Supreme Court, Place 6 (Unexpired Term)",Kathy Cheng ,75.78%
1006,"Justice, Supreme Court, Place 7",Jeff Boyd ,24.62%
1006,"Justice, Supreme Court, Place 7",Staci Williams ,74.22%
1006,"Justice, Supreme Court, Place 7",William Bryan Strange III ,1.16%
1006,"Justice, Supreme Court, Place 8",Brett Busby ,23.13%
1006,"Justice, Supreme Court, Place 8",Gisela D. Triana ,75.53%
1006,"Justice, Supreme Court, Place 8",Tom Oxford ,1.33%
1006,"Judge, Court of Criminal Appeals, Place 3",Bert Richardson ,25.16%
1006,"Judge, Court of Criminal Appeals, Place 3",Elizabeth Davis Frizell ,74.84%
1006,"Judge, Court of Criminal Appeals, Place 4",Kevin Patrick Yeary ,25.31%
1006,"Judge, Court of Criminal Appeals, Place 4",Tina Clinton ,74.69%
1006,"Judge, Court of Criminal Appeals, Place 9",David Newell ,25.52%
1006,"Judge, Court of Criminal Appeals, Place 9",Brandon Birmingham ,74.48%
1006,"State Senator, District 26",Jos,85.84%
1006,"State Senator, District 26",Juli,14.16%
1006,"State Representative, District 119",George B. Garza ,22.99%
1006,"State Representative, District 119","Elizabeth ""Liz"" Campos ",74.69%
1006,"State Representative, District 119",Arthur M. Thomas IV ,0.80%
1006,"State Representative, District 119",Antonio Padron ,1.52%
1006,"Chief Justice, 4th Court of Appeals District",Ren,23.37%
1006,"Chief Justice, 4th Court of Appeals District",Rebeca Martinez ,76.63%
1006,"District Judge, 37th Judicial District",Joseph P. Appelt ,22.98%
1006,"District Judge, 37th Judicial District",Nicole Garza ,77.02%
1006,"District Judge, 144th Judicial District (Unexpired Term)",Melisa Skinner ,26.06%
1006,"District Judge, 144th Judicial District (Unexpired Term)",Michael Mery ,73.94%
1006,"District Judge, 386th Judicial District",Daphne Previti Austin ,22.72%
1006,"District Judge, 386th Judicial District","Jacqueline ""Jackie"" Vald",77.28%
1006,"District Judge, 399th Judicial District",Walden Shelton ,21.80%
1006,"District Judge, 399th Judicial District",Frank J. Castro ,78.20%
1006,"District Judge, 407th Judicial District",Stephani Walsh ,23.05%
1006,"District Judge, 407th Judicial District",Tina Torres ,76.95%
1006,Sheriff,"Gerard C. ""Gerry"" Rickhoff ",20.28%
1006,Sheriff,Javier Salazar ,79.54%
1006,Sheriff,Write-In Totals ,0.18%
1006,County Tax Assessor-Collector,Stephen David Pennington ,22.32%
1006,County Tax Assessor-Collector,Albert Uresti ,77.68%
1006,"County Commissioner, Precinct No. 1",Gabriel Lara ,23.84%
1006,"County Commissioner, Precinct No. 1","Rebeca ""Becky"" Clay-Flores ",76.16%
1006,CITY OF SAN ANTONIO - PROPOSITION A,FOR ,76.08%
1006,CITY OF SAN ANTONIO - PROPOSITION A,AGAINST ,23.92%
1006,CITY OF SAN ANTONIO - PROPOSITION B,FOR ,82.37%
1006,CITY OF SAN ANTONIO - PROPOSITION B,AGAINST ,17.63%
1006,Advanced Transportation District - Proposition A,FOR ,69.72%
1006,Advanced Transportation District - Proposition A,AGAINST ,30.28%
1006,SAN ANTONIO ISD - PROPOSITION A,FOR ,70.10%
1006,SAN ANTONIO ISD - PROPOSITION A,AGAINST ,29.90%
1006,SAN ANTONIO ISD - PROPOSITION B,FOR ,71.57%
1006,SAN ANTONIO ISD - PROPOSITION B,AGAINST ,28.43%
1007,President and Vice President,Donald J. Trump ,23.69%
1007,President and Vice President,Joseph R. Biden ,75.80%
1007,President and Vice President,Jo Jorgensen ,0.51%
1007,President and Vice President,Howie Hawkins ,0.00%
1007,President and Vice President,Write-In Totals ,0.00%
1007,United States Senator,John Cornyn ,24.70%
1007,United States Senator,"Mary ""MJ"" Hegar ",72.62%
1007,United States Senator,Kerry Douglas McKennon ,1.34%
1007,United States Senator,David B. Collins ,1.34%
1007,United States Senator,Write-In Totals ,0.00%
1007,"United States Representative, District 20",Mauro Garza ,21.18%
1007,"United States Representative, District 20",Joaquin Castro ,77.76%
1007,"United States Representative, District 20",Jeffrey Blunt ,1.05%
1007,Railroad Commissioner,"James ""Jim"" Wright ",22.53%
1007,Railroad Commissioner,Chrysta Casta,75.33%
1007,Railroad Commissioner,Matt Sterett ,1.73%
1007,Railroad Commissioner,"Katija ""Kat"" Gruene ",0.40%
1007,"Chief Justice, Supreme Court",Nathan Hecht ,22.18%
1007,"Chief Justice, Supreme Court",Amy Clark Meachum ,75.94%
1007,"Chief Justice, Supreme Court",Mark Ash ,1.88%
1007,"Justice, Supreme Court, Place 6 (Unexpired Term)",Jane Bland ,22.18%
1007,"Justice, Supreme Court, Place 6 (Unexpired Term)",Kathy Cheng ,77.82%
1007,"Justice, Supreme Court, Place 7",Jeff Boyd ,22.55%
1007,"Justice, Supreme Court, Place 7",Staci Williams ,75.03%
1007,"Justice, Supreme Court, Place 7",William Bryan Strange III ,2.42%
1007,"Justice, Supreme Court, Place 8",Brett Busby ,21.64%
1007,"Justice, Supreme Court, Place 8",Gisela D. Triana ,76.34%
1007,"Justice, Supreme Court, Place 8",Tom Oxford ,2.02%
1007,"Judge, Court of Criminal Appeals, Place 3",Bert Richardson ,23.51%
1007,"Judge, Court of Criminal Appeals, Place 3",Elizabeth Davis Frizell ,76.49%
1007,"Judge, Court of Criminal Appeals, Place 4",Kevin Patrick Yeary ,24.69%
1007,"Judge, Court of Criminal Appeals, Place 4",Tina Clinton ,75.31%
1007,"Judge, Court of Criminal Appeals, Place 9",David Newell ,23.75%
1007,"Judge, Court of Criminal Appeals, Place 9",Brandon Birmingham ,76.25%
1007,"State Senator, District 26",Jos,85.09%
1007,"State Senator, District 26",Juli,14.91%
1007,"State Representative, District 119",George B. Garza ,21.02%
1007,"State Representative, District 119","Elizabeth ""Liz"" Campos ",76.31%
1007,"State Representative, District 119",Arthur M. Thomas IV ,0.94%
1007,"State Representative, District 119",Antonio Padron ,1.74%
1007,"Chief Justice, 4th Court of Appeals District",Ren,21.27%
1007,"Chief Justice, 4th Court of Appeals District",Rebeca Martinez ,78.73%
1007,"District Judge, 37th Judicial District",Joseph P. Appelt ,19.76%
1007,"District Judge, 37th Judicial District",Nicole Garza ,80.24%
1007,"District Judge, 144th Judicial District (Unexpired Term)",Melisa Skinner ,24.22%
1007,"District Judge, 144th Judicial District (Unexpired Term)",Michael Mery ,75.78%
1007,"District Judge, 386th Judicial District",Daphne Previti Austin ,20.75%
1007,"District Judge, 386th Judicial District","Jacqueline ""Jackie"" Vald",79.25%
1007,"District Judge, 399th Judicial District",Walden Shelton ,20.48%
1007,"District Judge, 399th Judicial District",Frank J. Castro ,79.52%
1007,"District Judge, 407th Judicial District",Stephani Walsh ,22.09%
1007,"District Judge, 407th Judicial District",Tina Torres ,77.91%
1007,Sheriff,"Gerard C. ""Gerry"" Rickhoff ",19.50%
1007,Sheriff,Javier Salazar ,80.37%
1007,Sheriff,Write-In Totals ,0.13%
1007,County Tax Assessor-Collector,Stephen David Pennington ,20.35%
1007,County Tax Assessor-Collector,Albert Uresti ,79.65%
1007,"County Commissioner, Precinct No. 1",Gabriel Lara ,22.85%
1007,"County Commissioner, Precinct No. 1","Rebeca ""Becky"" Clay-Flores ",77.15%
1007,CITY OF SAN ANTONIO - PROPOSITION A,FOR ,77.85%
1007,CITY OF SAN ANTONIO - PROPOSITION A,AGAINST ,22.15%
1007,CITY OF SAN ANTONIO - PROPOSITION B,FOR ,81.99%
1007,CITY OF SAN ANTONIO - PROPOSITION B,AGAINST ,18.01%
1007,Advanced Transportation District - Proposition A,FOR ,71.39%
1007,Advanced Transportation District - Proposition A,AGAINST ,28.61%
1007,SAN ANTONIO ISD - PROPOSITION A,FOR ,68.98%
1007,SAN ANTONIO ISD - PROPOSITION A,AGAINST ,31.02%
1007,SAN ANTONIO ISD - PROPOSITION B,FOR ,69.34%
1007,SAN ANTONIO ISD - PROPOSITION B,AGAINST ,30.66%
1008,President and Vice President,Donald J. Trump ,15.97%
1008,President and Vice President,Joseph R. Biden ,82.87%
1008,President and Vice President,Jo Jorgensen ,0.69%
1008,President and Vice President,Howie Hawkins ,0.39%
1008,President and Vice President,Write-In Totals ,0.08%
1008,United States Senator,John Cornyn ,17.79%
1008,United States Senator,"Mary ""MJ"" Hegar ",79.29%
1008,United States Senator,Kerry Douglas McKennon ,1.98%
1008,United States Senator,David B. Collins ,0.87%
1008,United States Senator,Write-In Totals ,0.08%
1008,"United States Representative, District 35",Jenny Garcia Sharon ,15.74%
1008,"United States Representative, District 35",Lloyd Doggett ,80.45%
1008,"United States Representative, District 35",Mark Loewe ,1.59%
1008,"United States Representative, District 35",Jason Mata,2.23%
1008,Railroad Commissioner,"James ""Jim"" Wright ",16.72%
1008,Railroad Commissioner,Chrysta Casta,79.08%
1008,Railroad Commissioner,Matt Sterett ,2.22%
1008,Railroad Commissioner,"Katija ""Kat"" Gruene ",1.98%
1008,"Chief Justice, Supreme Court",Nathan Hecht ,16.87%
1008,"Chief Justice, Supreme Court",Amy Clark Meachum ,79.94%
1008,"Chief Justice, Supreme Court",Mark Ash ,3.20%
1008,"Justice, Supreme Court, Place 6 (Unexpired Term)",Jane Bland ,17.59%
1008,"Justice, Supreme Court, Place 6 (Unexpired Term)",Kathy Cheng ,82.41%
1008,"Justice, Supreme Court, Place 7",Jeff Boyd ,16.47%
1008,"Justice, Supreme Court, Place 7",Staci Williams ,80.96%
1008,"Justice, Supreme Court, Place 7",William Bryan Strange III ,2.57%
1008,"Justice, Supreme Court, Place 8",Brett Busby ,16.09%
1008,"Justice, Supreme Court, Place 8",Gisela D. Triana ,81.59%
1008,"Justice, Supreme Court, Place 8",Tom Oxford ,2.32%
1008,"Judge, Court of Criminal Appeals, Place 3",Bert Richardson ,18.17%
1008,"Judge, Court of Criminal Appeals, Place 3",Elizabeth Davis Frizell ,81.83%
1008,"Judge, Court of Criminal Appeals, Place 4",Kevin Patrick Yeary ,17.49%
1008,"Judge, Court of Criminal Appeals, Place 4",Tina Clinton ,82.51%
1008,"Judge, Court of Criminal Appeals, Place 9",David Newell ,18.62%
1008,"Judge, Court of Criminal Appeals, Place 9",Brandon Birmingham ,81.38%
1008,"State Senator, District 26",Jos,82.62%
1008,"State Senator, District 26",Juli,17.38%
1008,"Chief Justice, 4th Court of Appeals District",Ren,18.02%
1008,"Chief Justice, 4th Court of Appeals District",Rebeca Martinez ,81.98%
1008,"District Judge, 37th Judicial District",Joseph P. Appelt ,16.18%
1008,"District Judge, 37th Judicial District",Nicole Garza ,83.82%
1008,"District Judge, 144th Judicial District (Unexpired Term)",Melisa Skinner ,20.23%
1008,"District Judge, 144th Judicial District (Unexpired Term)",Michael Mery ,79.77%
1008,"District Judge, 386th Judicial District",Daphne Previti Austin ,16.63%
1008,"District Judge, 386th Judicial District","Jacqueline ""Jackie"" Vald",83.37%
1008,"District Judge, 399th Judicial District",Walden Shelton ,16.84%
1008,"District Judge, 399th Judicial District",Frank J. Castro ,83.16%
1008,"District Judge, 407th Judicial District",Stephani Walsh ,18.20%
1008,"District Judge, 407th Judicial District",Tina Torres ,81.80%
1008,Sheriff,"Gerard C. ""Gerry"" Rickhoff ",17.20%
1008,Sheriff,Javier Salazar ,81.61%
1008,Sheriff,Write-In Totals ,1.19%
1008,County Tax Assessor-Collector,Stephen David Pennington ,20.97%
1008,County Tax Assessor-Collector,Albert Uresti ,79.03%
1008,"County Commissioner, Precinct No. 1",Gabriel Lara ,17.60%
1008,"County Commissioner, Precinct No. 1","Rebeca ""Becky"" Clay-Flores ",82.40%
1008,CITY OF SAN ANTONIO - PROPOSITION A,FOR ,81.67%
1008,CITY OF SAN ANTONIO - PROPOSITION A,AGAINST ,18.33%
1008,CITY OF SAN ANTONIO - PROPOSITION B,FOR ,83.20%
1008,CITY OF SAN ANTONIO - PROPOSITION B,AGAINST ,16.80%
1008,Advanced Transportation District - Proposition A,FOR ,77.38%
1008,Advanced Transportation District - Proposition A,AGAINST ,22.62%
1008,SAN ANTONIO ISD - PROPOSITION A,FOR ,70.19%
1008,SAN ANTONIO ISD - PROPOSITION A,AGAINST ,29.81%
1008,SAN ANTONIO ISD - PROPOSITION B,FOR ,74.00%
1008,SAN ANTONIO ISD - PROPOSITION B,AGAINST ,26.00%
1009,President and Vice President,Donald J. Trump ,39.61%
1009,President and Vice President,Joseph R. Biden ,58.20%
1009,President and Vice President,Jo Jorgensen ,1.26%
1009,President and Vice President,Howie Hawkins ,0.67%
1009,President and Vice President,Write-In Totals ,0.25%
1009,United States Senator,John Cornyn ,40.34%
1009,United States Senator,"Mary ""MJ"" Hegar ",56.90%
1009,United States Senator,Kerry Douglas McKennon ,1.81%
1009,United States Senator,David B. Collins ,0.78%
1009,United States Senator,Write-In Totals ,0.17%
1009,"United States Representative, District 23",Tony Gonzales ,39.50%
1009,"United States Representative, District 23",Gina Ortiz Jones ,57.24%
1009,"United States Representative, District 23",Beto Villela ,3.26%
1009,Railroad Commissioner,"James ""Jim"" Wright ",38.50%
1009,Railroad Commissioner,Chrysta Casta,57.97%
1009,Railroad Commissioner,Matt Sterett ,2.24%
1009,Railroad Commissioner,"Katija ""Kat"" Gruene ",1.29%
1009,"Chief Justice, Supreme Court",Nathan Hecht ,38.45%
1009,"Chief Justice, Supreme Court",Amy Clark Meachum ,58.62%
1009,"Chief Justice, Supreme Court",Mark Ash ,2.93%
1009,"Justice, Supreme Court, Place 6 (Unexpired Term)",Jane Bland ,40.66%
1009,"Justice, Supreme Court, Place 6 (Unexpired Term)",Kathy Cheng ,59.34%
1009,"Justice, Supreme Court, Place 7",Jeff Boyd ,39.69%
1009,"Justice, Supreme Court, Place 7",Staci Williams ,57.98%
1009,"Justice, Supreme Court, Place 7",William Bryan Strange III ,2.33%
1009,"Justice, Supreme Court, Place 8",Brett Busby ,38.77%
1009,"Justice, Supreme Court, Place 8",Gisela D. Triana ,58.98%
1009,"Justice, Supreme Court, Place 8",Tom Oxford ,2.25%
1009,"Judge, Court of Criminal Appeals, Place 3",Bert Richardson ,40.24%
1009,"Judge, Court of Criminal Appeals, Place 3",Elizabeth Davis Frizell ,59.76%
1009,"Judge, Court of Criminal Appeals, Place 4",Kevin Patrick Yeary ,40.86%
1009,"Judge, Court of Criminal Appeals, Place 4",Tina Clinton ,59.14%
1009,"Judge, Court of Criminal Appeals, Place 9",David Newell ,41.66%
1009,"Judge, Court of Criminal Appeals, Place 9",Brandon Birmingham ,58.34%
1009,"State Senator, District 19","Peter P. ""Pete"" Flores ",40.41%
1009,"State Senator, District 19",Roland Gutierrez ,55.61%
1009,"State Senator, District 19",Jo-Anne Valdivia ,3.97%
1009,"Chief Justice, 4th Court of Appeals District",Ren,39.74%
1009,"Chief Justice, 4th Court of Appeals District",Rebeca Martinez ,60.26%
1009,"District Judge, 37th Judicial District",Joseph P. Appelt ,38.84%
1009,"District Judge, 37th Judicial District",Nicole Garza ,61.16%
1009,"District Judge, 144th Judicial District (Unexpired Term)",Melisa Skinner ,42.20%
1009,"District Judge, 144th Judicial District (Unexpired Term)",Michael Mery ,57.80%
1009,"District Judge, 386th Judicial District",Daphne Previti Austin ,39.76%
1009,"District Judge, 386th Judicial District","Jacqueline ""Jackie"" Vald",60.24%
1009,"District Judge, 399th Judicial District",Walden Shelton ,38.73%
1009,"District Judge, 399th Judicial District",Frank J. Castro ,61.27%
1009,"District Judge, 407th Judicial District",Stephani Walsh ,39.08%
1009,"District Judge, 407th Judicial District",Tina Torres ,60.92%
1009,Sheriff,"Gerard C. ""Gerry"" Rickhoff ",35.46%
1009,Sheriff,Javier Salazar ,63.85%
1009,Sheriff,Write-In Totals ,0.69%
1009,County Tax Assessor-Collector,Stephen David Pennington ,39.81%
1009,County Tax Assessor-Collector,Albert Uresti ,60.19%
1009,"County Commissioner, Precinct No. 1",Gabriel Lara ,39.55%
1009,"County Commissioner, Precinct No. 1","Rebeca ""Becky"" Clay-Flores ",60.45%
1010,President and Vice President,Donald J. Trump ,18.41%
1010,President and Vice President,Joseph R. Biden ,79.60%
1010,President and Vice President,Jo Jorgensen ,0.75%
1010,President and Vice President,Howie Hawkins ,0.25%
1010,President and Vice President,Write-In Totals ,1.00%
1010,United States Senator,John Cornyn ,20.15%
1010,United States Senator,"Mary ""MJ"" Hegar ",76.28%
1010,United States Senator,Kerry Douglas McKennon ,2.04%
1010,United States Senator,David B. Collins ,1.53%
1010,United States Senator,Write-In Totals ,0.00%
1010,"United States Representative, District 35",Jenny Garcia Sharon ,18.72%
1010,"United States Representative, District 35",Lloyd Doggett ,76.67%
1010,"United States Representative, District 35",Mark Loewe ,2.31%
1010,"United States Representative, District 35",Jason Mata,2.31%
1010,Railroad Commissioner,"James ""Jim"" Wright ",18.58%
1010,Railroad Commissioner,Chrysta Casta,78.37%
1010,Railroad Commissioner,Matt Sterett ,1.02%
1010,Railroad Commissioner,"Katija ""Kat"" Gruene ",2.04%
1010,"Chief Justice, Supreme Court",Nathan Hecht ,19.79%
1010,"Chief Justice, Supreme Court",Amy Clark Meachum ,77.38%
1010,"Chief Justice, Supreme Court",Mark Ash ,2.83%
1010,"Justice, Supreme Court, Place 6 (Unexpired Term)",Jane Bland ,19.54%
1010,"Justice, Supreme Court, Place 6 (Unexpired Term)",Kathy Cheng ,80.46%
1010,"Justice, Supreme Court, Place 7",Jeff Boyd ,20.72%
1010,"Justice, Supreme Court, Place 7",Staci Williams ,77.49%
1010,"Justice, Supreme Court, Place 7",William Bryan Strange III ,1.79%
1010,"Justice, Supreme Court, Place 8",Brett Busby ,17.09%
1010,"Justice, Supreme Court, Place 8",Gisela D. Triana ,80.36%
1010,"Justice, Supreme Court, Place 8",Tom Oxford ,2.55%
1010,"Judge, Court of Criminal Appeals, Place 3",Bert Richardson ,21.08%
1010,"Judge, Court of Criminal Appeals, Place 3",Elizabeth Davis Frizell ,78.92%
1010,"Judge, Court of Criminal Appeals, Place 4",Kevin Patrick Yeary ,20.10%
1010,"Judge, Court of Criminal Appeals, Place 4",Tina Clinton ,79.90%
1010,"Judge, Court of Criminal Appeals, Place 9",David Newell ,20.51%
1010,"Judge, Court of Criminal Appeals, Place 9",Brandon Birmingham ,79.49%
1010,"State Senator, District 26",Jos,81.30%
1010,"State Senator, District 26",Juli,18.70%
1010,"Chief Justice, 4th Court of Appeals District",Ren,18.67%
1010,"Chief Justice, 4th Court of Appeals District",Rebeca Martinez ,81.33%
1010,"District Judge, 37th Judicial District",Joseph P. Appelt ,18.41%
1010,"District Judge, 37th Judicial District",Nicole Garza ,81.59%
1010,"District Judge, 144th Judicial District (Unexpired Term)",Melisa Skinner ,21.03%
1010,"District Judge, 144th Judicial District (Unexpired Term)",Michael Mery ,78.97%
1010,"District Judge, 386th Judicial District",Daphne Previti Austin ,18.41%
1010,"District Judge, 386th Judicial District","Jacqueline ""Jackie"" Vald",81.59%
1010,"District Judge, 399th Judicial District",Walden Shelton ,17.90%
1010,"District Judge, 399th Judicial District",Frank J. Castro ,82.10%
1010,"District Judge, 407th Judicial District",Stephani Walsh ,20.00%
1010,"District Judge, 407th Judicial District",Tina Torres ,80.00%
1010,Sheriff,"Gerard C. ""Gerry"" Rickhoff ",19.18%
1010,Sheriff,Javier Salazar ,80.56%
1010,Sheriff,Write-In Totals ,0.26%
1010,County Tax Assessor-Collector,Stephen David Pennington ,20.66%
1010,County Tax Assessor-Collector,Albert Uresti ,79.34%
1010,"County Commissioner, Precinct No. 1",Gabriel Lara ,18.88%
1010,"County Commissioner, Precinct No. 1","Rebeca ""Becky"" Clay-Flores ",81.12%
1010,CITY OF SAN ANTONIO - PROPOSITION A,FOR ,80.48%
1010,CITY OF SAN ANTONIO - PROPOSITION A,AGAINST ,19.52%
1010,CITY OF SAN ANTONIO - PROPOSITION B,FOR ,82.17%
1010,CITY OF SAN ANTONIO - PROPOSITION B,AGAINST ,17.83%
1010,Advanced Transportation District - Proposition A,FOR ,75.00%
1010,Advanced Transportation District - Proposition A,AGAINST ,25.00%
1010,SAN ANTONIO ISD - PROPOSITION A,FOR ,67.89%
1010,SAN ANTONIO ISD - PROPOSITION A,AGAINST ,32.11%
1010,SAN ANTONIO ISD - PROPOSITION B,FOR ,70.03%
1010,SAN ANTONIO ISD - PROPOSITION B,AGAINST ,29.97%
1011,President and Vice President,Donald J. Trump ,27.27%
1011,President and Vice President,Joseph R. Biden ,70.28%
1011,President and Vice President,Jo Jorgensen ,1.40%
1011,President and Vice President,Howie Hawkins ,0.70%
1011,President and Vice President,Write-In Totals ,0.35%
1011,United States Senator,John Cornyn ,28.98%
1011,United States Senator,"Mary ""MJ"" Hegar ",67.49%
1011,United States Senator,Kerry Douglas McKennon ,1.06%
1011,United States Senator,David B. Collins ,2.47%
1011,United States Senator,Write-In Totals ,0.00%
1011,"United States Representative, District 35",Jenny Garcia Sharon ,24.28%
1011,"United States Representative, District 35",Lloyd Doggett ,70.65%
1011,"United States Representative, District 35",Mark Loewe ,2.17%
1011,"United States Representative, District 35",Jason Mata,2.90%
1011,Railroad Commissioner,"James ""Jim"" Wright ",23.74%
1011,Railroad Commissioner,Chrysta Casta,74.46%
1011,Railroad Commissioner,Matt Sterett ,1.44%
1011,Railroad Commissioner,"Katija ""Kat"" Gruene ",0.36%
1011,"Chief Justice, Supreme Court",Nathan Hecht ,22.74%
1011,"Chief Justice, Supreme Court",Amy Clark Meachum ,74.73%
1011,"Chief Justice, Supreme Court",Mark Ash ,2.53%
1011,"Justice, Supreme Court, Place 6 (Unexpired Term)",Jane Bland ,23.53%
1011,"Justice, Supreme Court, Place 6 (Unexpired Term)",Kathy Cheng ,76.47%
1011,"Justice, Supreme Court, Place 7",Jeff Boyd ,23.83%
1011,"Justice, Supreme Court, Place 7",Staci Williams ,74.01%
1011,"Justice, Supreme Court, Place 7",William Bryan Strange III ,2.17%
1011,"Justice, Supreme Court, Place 8",Brett Busby ,23.19%
1011,"Justice, Supreme Court, Place 8",Gisela D. Triana ,73.91%
1011,"Justice, Supreme Court, Place 8",Tom Oxford ,2.90%
1011,"Judge, Court of Criminal Appeals, Place 3",Bert Richardson ,25.91%
1011,"Judge, Court of Criminal Appeals, Place 3",Elizabeth Davis Frizell ,74.09%
1011,"Judge, Court of Criminal Appeals, Place 4",Kevin Patrick Yeary ,26.43%
1011,"Judge, Court of Criminal Appeals, Place 4",Tina Clinton ,73.57%
1011,"Judge, Court of Criminal Appeals, Place 9",David Newell ,27.17%
1011,"Judge, Court of Criminal Appeals, Place 9",Brandon Birmingham ,72.83%
1011,"State Senator, District 19","Peter P. ""Pete"" Flores ",25.00%
1011,"State Senator, District 19",Roland Gutierrez ,70.71%
1011,"State Senator, District 19",Jo-Anne Valdivia ,4.29%
1011,"State Representative, District 118",Adam Salyer ,17.27%
1011,"State Representative, District 118",Leo Pacheco ,81.65%
1011,"State Representative, District 118",Eric Jason Velasquez ,1.08%
1011,"Chief Justice, 4th Court of Appeals District",Ren,22.66%
1011,"Chief Justice, 4th Court of Appeals District",Rebeca Martinez ,77.34%
1011,"District Judge, 37th Judicial District",Joseph P. Appelt ,22.26%
1011,"District Judge, 37th Judicial District",Nicole Garza ,77.74%
1011,"District Judge, 144th Judicial District (Unexpired Term)",Melisa Skinner ,26.74%
1011,"District Judge, 144th Judicial District (Unexpired Term)",Michael Mery ,73.26%
1011,"District Judge, 386th Judicial District",Daphne Previti Austin ,24.09%
1011,"District Judge, 386th Judicial District","Jacqueline ""Jackie"" Vald",75.91%
1011,"District Judge, 399th Judicial District",Walden Shelton ,20.22%
1011,"District Judge, 399th Judicial District",Frank J. Castro ,79.78%
1011,"District Judge, 407th Judicial District",Stephani Walsh ,23.83%
1011,"District Judge, 407th Judicial District",Tina Torres ,76.17%
1011,Sheriff,"Gerard C. ""Gerry"" Rickhoff ",20.85%
1011,Sheriff,Javier Salazar ,78.09%
1011,Sheriff,Write-In Totals ,1.06%
1011,County Tax Assessor-Collector,Stephen David Pennington ,22.54%
1011,County Tax Assessor-Collector,Albert Uresti ,77.46%
1011,"County Commissioner, Precinct No. 1",Gabriel Lara ,24.37%
1011,"County Commissioner, Precinct No. 1","Rebeca ""Becky"" Clay-Flores ",75.63%
1011,CITY OF SAN ANTONIO - PROPOSITION A,FOR ,85.61%
1011,CITY OF SAN ANTONIO - PROPOSITION A,AGAINST ,14.39%
1011,CITY OF SAN ANTONIO - PROPOSITION B,FOR ,85.98%
1011,CITY OF SAN ANTONIO - PROPOSITION B,AGAINST ,14.02%
1011,Advanced Transportation District - Proposition A,FOR ,72.43%
1011,Advanced Transportation District - Proposition A,AGAINST ,27.57%
1012,President and Vice President,Donald J. Trump ,34.81%
1012,President and Vice President,Joseph R. Biden ,64.30%
1012,President and Vice President,Jo Jorgensen ,0.56%
1012,President and Vice President,Howie Hawkins ,0.32%
1012,President and Vice President,Write-In Totals ,0.00%
1012,United States Senator,John Cornyn ,35.56%
1012,United States Senator,"Mary ""MJ"" Hegar ",61.19%
1012,United States Senator,Kerry Douglas McKennon ,2.09%
1012,United States Senator,David B. Collins ,1.09%
1012,United States Senator,Write-In Totals ,0.08%
1012,"United States Representative, District 23",Tony Gonzales ,33.53%
1012,"United States Representative, District 23",Gina Ortiz Jones ,62.67%
1012,"United States Representative, District 23",Beto Villela ,3.81%
1012,Railroad Commissioner,"James ""Jim"" Wright ",33.58%
1012,Railroad Commissioner,Chrysta Casta,63.93%
1012,Railroad Commissioner,Matt Sterett ,1.24%
1012,Railroad Commissioner,"Katija ""Kat"" Gruene ",1.24%
1012,"Chief Justice, Supreme Court",Nathan Hecht ,33.11%
1012,"Chief Justice, Supreme Court",Amy Clark Meachum ,64.54%
1012,"Chief Justice, Supreme Court",Mark Ash ,2.35%
1012,"Justice, Supreme Court, Place 6 (Unexpired Term)",Jane Bland ,34.54%
1012,"Justice, Supreme Court, Place 6 (Unexpired Term)",Kathy Cheng ,65.46%
1012,"Justice, Supreme Court, Place 7",Jeff Boyd ,33.33%
1012,"Justice, Supreme Court, Place 7",Staci Williams ,64.15%
1012,"Justice, Supreme Court, Place 7",William Bryan Strange III ,2.52%
1012,"Justice, Supreme Court, Place 8",Brett Busby ,32.83%
1012,"Justice, Supreme Court, Place 8",Gisela D. Triana ,64.91%
1012,"Justice, Supreme Court, Place 8",Tom Oxford ,2.26%
1012,"Judge, Court of Criminal Appeals, Place 3",Bert Richardson ,33.84%
1012,"Judge, Court of Criminal Appeals, Place 3",Elizabeth Davis Frizell ,66.16%
1012,"Judge, Court of Criminal Appeals, Place 4",Kevin Patrick Yeary ,34.20%
1012,"Judge, Court of Criminal Appeals, Place 4",Tina Clinton ,65.80%
1012,"Judge, Court of Criminal Appeals, Place 9",David Newell ,35.31%
1012,"Judge, Court of Criminal Appeals, Place 9",Brandon Birmingham ,64.69%
1012,"State Senator, District 26",Jos,79.25%
1012,"State Senator, District 26",Juli,20.75%
1012,"Chief Justice, 4th Court of Appeals District",Ren,32.71%
1012,"Chief Justice, 4th Court of Appeals District",Rebeca Martinez ,67.29%
1012,"District Judge, 37th Judicial District",Joseph P. Appelt ,32.69%
1012,"District Judge, 37th Judicial District",Nicole Garza ,67.31%
1012,"District Judge, 144th Judicial District (Unexpired Term)",Melisa Skinner ,35.78%
1012,"District Judge, 144th Judicial District (Unexpired Term)",Michael Mery ,64.22%
1012,"District Judge, 386th Judicial District",Daphne Previti Austin ,33.14%
1012,"District Judge, 386th Judicial District","Jacqueline ""Jackie"" Vald",66.86%
1012,"District Judge, 399th Judicial District",Walden Shelton ,33.03%
1012,"District Judge, 399th Judicial District",Frank J. Castro ,66.97%
1012,"District Judge, 407th Judicial District",Stephani Walsh ,33.53%
1012,"District Judge, 407th Judicial District",Tina Torres ,66.47%
1012,Sheriff,"Gerard C. ""Gerry"" Rickhoff ",30.22%
1012,Sheriff,Javier Salazar ,69.53%
1012,Sheriff,Write-In Totals ,0.25%
1012,County Tax Assessor-Collector,Stephen David Pennington ,31.55%
1012,County Tax Assessor-Collector,Albert Uresti ,68.45%
1012,"County Commissioner, Precinct No. 1",Gabriel Lara ,32.83%
1012,"County Commissioner, Precinct No. 1","Rebeca ""Becky"" Clay-Flores ",67.17%
1012,"Alamo Community College District Trustee, District No. 4",Robert A. Casias ,20.25%
1012,"Alamo Community College District Trustee, District No. 4",Jos,34.04%
1012,"Alamo Community College District Trustee, District No. 4","Lorena ""Lorraine"" Pulido ",30.75%
1012,"Alamo Community College District Trustee, District No. 4",Connie Prado ,14.95%
1012,CITY OF SAN ANTONIO - PROPOSITION A,FOR ,75.00%
1012,CITY OF SAN ANTONIO - PROPOSITION A,AGAINST ,25.00%
1012,CITY OF SAN ANTONIO - PROPOSITION B,FOR ,80.39%
1012,CITY OF SAN ANTONIO - PROPOSITION B,AGAINST ,19.61%
1012,Advanced Transportation District - Proposition A,FOR ,69.32%
1012,Advanced Transportation District - Proposition A,AGAINST ,30.68%
1013,President and Vice President,Donald J. Trump ,19.58%
1013,President and Vice President,Joseph R. Biden ,79.07%
1013,President and Vice President,Jo Jorgensen ,0.83%
1013,President and Vice President,Howie Hawkins ,0.38%
1013,President and Vice President,Write-In Totals ,0.15%
1013,United States Senator,John Cornyn ,21.87%
1013,United States Senator,"Mary ""MJ"" Hegar ",74.37%
1013,United States Senator,Kerry Douglas McKennon ,2.61%
1013,United States Senator,David B. Collins ,1.07%
1013,United States Senator,Write-In Totals ,0.08%
1013,"United States Representative, District 20",Mauro Garza ,16.05%
1013,"United States Representative, District 20",Joaquin Castro ,82.28%
1013,"United States Representative, District 20",Jeffrey Blunt ,1.67%
1013,Railroad Commissioner,"James ""Jim"" Wright ",18.09%
1013,Railroad Commissioner,Chrysta Casta,78.98%
1013,Railroad Commissioner,Matt Sterett ,1.62%
1013,Railroad Commissioner,"Katija ""Kat"" Gruene ",1.31%
1013,"Chief Justice, Supreme Court",Nathan Hecht ,17.34%
1013,"Chief Justice, Supreme Court",Amy Clark Meachum ,79.69%
1013,"Chief Justice, Supreme Court",Mark Ash ,2.97%
1013,"Justice, Supreme Court, Place 6 (Unexpired Term)",Jane Bland ,18.55%
1013,"Justice, Supreme Court, Place 6 (Unexpired Term)",Kathy Cheng ,81.45%
1013,"Justice, Supreme Court, Place 7",Jeff Boyd ,18.55%
1013,"Justice, Supreme Court, Place 7",Staci Williams ,78.80%
1013,"Justice, Supreme Court, Place 7",William Bryan Strange III ,2.65%
1013,"Justice, Supreme Court, Place 8",Brett Busby ,17.69%
1013,"Justice, Supreme Court, Place 8",Gisela D. Triana ,79.83%
1013,"Justice, Supreme Court, Place 8",Tom Oxford ,2.48%
1013,"Judge, Court of Criminal Appeals, Place 3",Bert Richardson ,18.94%
1013,"Judge, Court of Criminal Appeals, Place 3",Elizabeth Davis Frizell ,81.06%
1013,"Judge, Court of Criminal Appeals, Place 4",Kevin Patrick Yeary ,19.19%
1013,"Judge, Court of Criminal Appeals, Place 4",Tina Clinton ,80.81%
1013,"Judge, Court of Criminal Appeals, Place 9",David Newell ,19.56%
1013,"Judge, Court of Criminal Appeals, Place 9",Brandon Birmingham ,80.44%
1013,"State Senator, District 26",Jos,87.57%
1013,"State Senator, District 26",Juli,12.43%
1013,"State Representative, District 119",George B. Garza ,16.96%
1013,"State Representative, District 119","Elizabeth ""Liz"" Campos ",80.18%
1013,"State Representative, District 119",Arthur M. Thomas IV ,1.31%
1013,"State Representative, District 119",Antonio Padron ,1.54%
1013,"Chief Justice, 4th Court of Appeals District",Ren,16.86%
1013,"Chief Justice, 4th Court of Appeals District",Rebeca Martinez ,83.14%
1013,"District Judge, 37th Judicial District",Joseph P. Appelt ,17.44%
1013,"District Judge, 37th Judicial District",Nicole Garza ,82.56%
1013,"District Judge, 144th Judicial District (Unexpired Term)",Melisa Skinner ,20.11%
1013,"District Judge, 144th Judicial District (Unexpired Term)",Michael Mery ,79.89%
1013,"District Judge, 386th Judicial District",Daphne Previti Austin ,16.91%
1013,"District Judge, 386th Judicial District","Jacqueline ""Jackie"" Vald",83.09%
1013,"District Judge, 399th Judicial District",Walden Shelton ,16.56%
1013,"District Judge, 399th Judicial District",Frank J. Castro ,83.44%
1013,"District Judge, 407th Judicial District",Stephani Walsh ,17.38%
1013,"District Judge, 407th Judicial District",Tina Torres ,82.62%
1013,Sheriff,"Gerard C. ""Gerry"" Rickhoff ",16.17%
1013,Sheriff,Javier Salazar ,83.45%
1013,Sheriff,Write-In Totals ,0.38%
1013,County Tax Assessor-Collector,Stephen David Pennington ,17.87%
1013,County Tax Assessor-Collector,Albert Uresti ,82.13%
1013,"County Commissioner, Precinct No. 1",Gabriel Lara ,18.10%
1013,"County Commissioner, Precinct No. 1","Rebeca ""Becky"" Clay-Flores ",81.90%
1013,"Alamo Community College District Trustee, District No. 4",Robert A. Casias ,16.03%
1013,"Alamo Community College District Trustee, District No. 4",Jos,36.38%
1013,"Alamo Community College District Trustee, District No. 4","Lorena ""Lorraine"" Pulido ",26.55%
1013,"Alamo Community College District Trustee, District No. 4",Connie Prado ,21.03%
1013,"Edgewood Independent School District Trustee, Place No. 7",Richard Santoyo ,65.60%
1013,"Edgewood Independent School District Trustee, Place No. 7",Ricky Escoto ,34.40%
1013,CITY OF SAN ANTONIO - PROPOSITION A,FOR ,79.69%
1013,CITY OF SAN ANTONIO - PROPOSITION A,AGAINST ,20.31%
1013,CITY OF SAN ANTONIO - PROPOSITION B,FOR ,84.48%
1013,CITY OF SAN ANTONIO - PROPOSITION B,AGAINST ,15.52%
1013,Advanced Transportation District - Proposition A,FOR ,72.93%
1013,Advanced Transportation District - Proposition A,AGAINST ,27.07%
1013,SAN ANTONIO ISD - PROPOSITION A,FOR ,71.26%
1013,SAN ANTONIO ISD - PROPOSITION A,AGAINST ,28.74%
1013,SAN ANTONIO ISD - PROPOSITION B,FOR ,70.49%
1013,SAN ANTONIO ISD - PROPOSITION B,AGAINST ,29.51%
1014,President and Vice President,Donald J. Trump ,19.45%
1014,President and Vice President,Joseph R. Biden ,79.17%
1014,President and Vice President,Jo Jorgensen ,0.92%
1014,President and Vice President,Howie Hawkins ,0.15%
1014,President and Vice President,Write-In Totals ,0.31%
1014,United States Senator,John Cornyn ,21.75%
1014,United States Senator,"Mary ""MJ"" Hegar ",74.13%
1014,United States Senator,Kerry Douglas McKennon ,2.06%
1014,United States Senator,David B. Collins ,1.90%
1014,United States Senator,Write-In Totals ,0.16%
1014,"United States Representative, District 20",Mauro Garza ,16.30%
1014,"United States Representative, District 20",Joaquin Castro ,81.82%
1014,"United States Representative, District 20",Jeffrey Blunt ,1.88%
1014,Railroad Commissioner,"James ""Jim"" Wright ",17.82%
1014,Railroad Commissioner,Chrysta Casta,78.86%
1014,Railroad Commissioner,Matt Sterett ,1.58%
1014,Railroad Commissioner,"Katija ""Kat"" Gruene ",1.74%
1014,"Chief Justice, Supreme Court",Nathan Hecht ,17.98%
1014,"Chief Justice, Supreme Court",Amy Clark Meachum ,78.97%
1014,"Chief Justice, Supreme Court",Mark Ash ,3.05%
1014,"Justice, Supreme Court, Place 6 (Unexpired Term)",Jane Bland ,19.58%
1014,"Justice, Supreme Court, Place 6 (Unexpired Term)",Kathy Cheng ,80.42%
1014,"Justice, Supreme Court, Place 7",Jeff Boyd ,18.82%
1014,"Justice, Supreme Court, Place 7",Staci Williams ,79.43%
1014,"Justice, Supreme Court, Place 7",William Bryan Strange III ,1.75%
1014,"Justice, Supreme Court, Place 8",Brett Busby ,17.47%
1014,"Justice, Supreme Court, Place 8",Gisela D. Triana ,80.45%
1014,"Justice, Supreme Court, Place 8",Tom Oxford ,2.08%
1014,"Judge, Court of Criminal Appeals, Place 3",Bert Richardson ,18.93%
1014,"Judge, Court of Criminal Appeals, Place 3",Elizabeth Davis Frizell ,81.07%
1014,"Judge, Court of Criminal Appeals, Place 4",Kevin Patrick Yeary ,18.98%
1014,"Judge, Court of Criminal Appeals, Place 4",Tina Clinton ,81.02%
1014,"Judge, Court of Criminal Appeals, Place 9",David Newell ,19.09%
1014,"Judge, Court of Criminal Appeals, Place 9",Brandon Birmingham ,80.91%
1014,"State Senator, District 19","Peter P. ""Pete"" Flores ",20.13%
1014,"State Senator, District 19",Roland Gutierrez ,75.72%
1014,"State Senator, District 19",Jo-Anne Valdivia ,4.15%
1014,"State Representative, District 118",Adam Salyer ,16.59%
1014,"State Representative, District 118",Leo Pacheco ,78.31%
1014,"State Representative, District 118",Eric Jason Velasquez ,5.10%
1014,"Chief Justice, 4th Court of Appeals District",Ren,19.42%
1014,"Chief Justice, 4th Court of Appeals District",Rebeca Martinez ,80.58%
1014,"District Judge, 37th Judicial District",Joseph P. Appelt ,17.90%
1014,"District Judge, 37th Judicial District",Nicole Garza ,82.10%
1014,"District Judge, 144th Judicial District (Unexpired Term)",Melisa Skinner ,20.81%
1014,"District Judge, 144th Judicial District (Unexpired Term)",Michael Mery ,79.19%
1014,"District Judge, 386th Judicial District",Daphne Previti Austin ,17.62%
1014,"District Judge, 386th Judicial District","Jacqueline ""Jackie"" Vald",82.38%
1014,"District Judge, 399th Judicial District",Walden Shelton ,18.36%
1014,"District Judge, 399th Judicial District",Frank J. Castro ,81.64%
1014,"District Judge, 407th Judicial District",Stephani Walsh ,17.71%
1014,"District Judge, 407th Judicial District",Tina Torres ,82.29%
1014,Sheriff,"Gerard C. ""Gerry"" Rickhoff ",17.95%
1014,Sheriff,Javier Salazar ,82.05%
1014,Sheriff,Write-In Totals ,0.00%
1014,County Tax Assessor-Collector,Stephen David Pennington ,18.27%
1014,County Tax Assessor-Collector,Albert Uresti ,81.73%
1014,"County Commissioner, Precinct No. 1",Gabriel Lara ,18.81%
1014,"County Commissioner, Precinct No. 1","Rebeca ""Becky"" Clay-Flores ",81.19%
1014,"Alamo Community College District Trustee, District No. 4",Robert A. Casias ,17.84%
1014,"Alamo Community College District Trustee, District No. 4",Jos,32.97%
1014,"Alamo Community College District Trustee, District No. 4","Lorena ""Lorraine"" Pulido ",27.39%
1014,"Alamo Community College District Trustee, District No. 4",Connie Prado ,21.80%
1014,CITY OF SAN ANTONIO - PROPOSITION A,FOR ,79.37%
1014,CITY OF SAN ANTONIO - PROPOSITION A,AGAINST ,20.63%
1014,CITY OF SAN ANTONIO - PROPOSITION B,FOR ,83.28%
1014,CITY OF SAN ANTONIO - PROPOSITION B,AGAINST ,16.72%
1014,Advanced Transportation District - Proposition A,FOR ,73.95%
1014,Advanced Transportation District - Proposition A,AGAINST ,26.05%
1014,SAN ANTONIO ISD - PROPOSITION A,FOR ,69.62%
1014,SAN ANTONIO ISD - PROPOSITION A,AGAINST ,30.38%
1014,SAN ANTONIO ISD - PROPOSITION B,FOR ,67.52%
1014,SAN ANTONIO ISD - PROPOSITION B,AGAINST ,32.48%
1015,President and Vice President,Donald J. Trump ,22.91%
1015,President and Vice President,Joseph R. Biden ,75.72%
1015,President and Vice President,Jo Jorgensen ,0.55%
1015,President and Vice President,Howie Hawkins ,0.55%
1015,President and Vice President,Write-In Totals ,0.27%
1015,United States Senator,John Cornyn ,25.18%
1015,United States Senator,"Mary ""MJ"" Hegar ",71.80%
1015,United States Senator,Kerry Douglas McKennon ,2.45%
1015,United States Senator,David B. Collins ,0.58%
1015,United States Senator,Write-In Totals ,0.00%
1015,"United States Representative, District 20",Mauro Garza ,18.74%
1015,"United States Representative, District 20",Joaquin Castro ,79.97%
1015,"United States Representative, District 20",Jeffrey Blunt ,1.29%
1015,Railroad Commissioner,"James ""Jim"" Wright ",21.55%
1015,Railroad Commissioner,Chrysta Casta,75.00%
1015,Railroad Commissioner,Matt Sterett ,2.30%
1015,Railroad Commissioner,"Katija ""Kat"" Gruene ",1.15%
1015,"Chief Justice, Supreme Court",Nathan Hecht ,20.98%
1015,"Chief Justice, Supreme Court",Amy Clark Meachum ,75.72%
1015,"Chief Justice, Supreme Court",Mark Ash ,3.30%
1015,"Justice, Supreme Court, Place 6 (Unexpired Term)",Jane Bland ,22.89%
1015,"Justice, Supreme Court, Place 6 (Unexpired Term)",Kathy Cheng ,77.11%
1015,"Justice, Supreme Court, Place 7",Jeff Boyd ,21.13%
1015,"Justice, Supreme Court, Place 7",Staci Williams ,76.41%
1015,"Justice, Supreme Court, Place 7",William Bryan Strange III ,2.46%
1015,"Justice, Supreme Court, Place 8",Brett Busby ,19.86%
1015,"Justice, Supreme Court, Place 8",Gisela D. Triana ,76.81%
1015,"Justice, Supreme Court, Place 8",Tom Oxford ,3.33%
1015,"Judge, Court of Criminal Appeals, Place 3",Bert Richardson ,22.09%
1015,"Judge, Court of Criminal Appeals, Place 3",Elizabeth Davis Frizell ,77.91%
1015,"Judge, Court of Criminal Appeals, Place 4",Kevin Patrick Yeary ,22.75%
1015,"Judge, Court of Criminal Appeals, Place 4",Tina Clinton ,77.25%
1015,"Judge, Court of Criminal Appeals, Place 9",David Newell ,24.42%
1015,"Judge, Court of Criminal Appeals, Place 9",Brandon Birmingham ,75.58%
1015,"State Senator, District 19","Peter P. ""Pete"" Flores ",23.61%
1015,"State Senator, District 19",Roland Gutierrez ,72.25%
1015,"State Senator, District 19",Jo-Anne Valdivia ,4.15%
1015,"State Representative, District 118",Adam Salyer ,19.48%
1015,"State Representative, District 118",Leo Pacheco ,76.50%
1015,"State Representative, District 118",Eric Jason Velasquez ,4.01%
1015,"Chief Justice, 4th Court of Appeals District",Ren,20.69%
1015,"Chief Justice, 4th Court of Appeals District",Rebeca Martinez ,79.31%
1015,"District Judge, 37th Judicial District",Joseph P. Appelt ,20.09%
1015,"District Judge, 37th Judicial District",Nicole Garza ,79.91%
1015,"District Judge, 144th Judicial District (Unexpired Term)",Melisa Skinner ,24.42%
1015,"District Judge, 144th Judicial District (Unexpired Term)",Michael Mery ,75.58%
1015,"District Judge, 386th Judicial District",Daphne Previti Austin ,20.14%
1015,"District Judge, 386th Judicial District","Jacqueline ""Jackie"" Vald",79.86%
1015,"District Judge, 399th Judicial District",Walden Shelton ,19.51%
1015,"District Judge, 399th Judicial District",Frank J. Castro ,80.49%
1015,"District Judge, 407th Judicial District",Stephani Walsh ,21.52%
1015,"District Judge, 407th Judicial District",Tina Torres ,78.48%
1015,Sheriff,"Gerard C. ""Gerry"" Rickhoff ",18.58%
1015,Sheriff,Javier Salazar ,81.28%
1015,Sheriff,Write-In Totals ,0.14%
1015,County Tax Assessor-Collector,Stephen David Pennington ,21.68%
1015,County Tax Assessor-Collector,Albert Uresti ,78.32%
1015,"County Commissioner, Precinct No. 1",Gabriel Lara ,21.46%
1015,"County Commissioner, Precinct No. 1","Rebeca ""Becky"" Clay-Flores ",78.54%
1015,CITY OF SAN ANTONIO - PROPOSITION A,FOR ,79.14%
1015,CITY OF SAN ANTONIO - PROPOSITION A,AGAINST ,20.86%
1015,CITY OF SAN ANTONIO - PROPOSITION B,FOR ,85.51%
1015,CITY OF SAN ANTONIO - PROPOSITION B,AGAINST ,14.49%
1015,Advanced Transportation District - Proposition A,FOR ,73.28%
1015,Advanced Transportation District - Proposition A,AGAINST ,26.72%
1015,SAN ANTONIO ISD - PROPOSITION A,FOR ,72.28%
1015,SAN ANTONIO ISD - PROPOSITION A,AGAINST ,27.72%
1015,SAN ANTONIO ISD - PROPOSITION B,FOR ,68.32%
1015,SAN ANTONIO ISD - PROPOSITION B,AGAINST ,31.68%
1016,President and Vice President,Donald J. Trump ,23.48%
1016,President and Vice President,Joseph R. Biden ,75.34%
1016,President and Vice President,Jo Jorgensen ,0.51%
1016,President and Vice President,Howie Hawkins ,0.68%
1016,President and Vice President,Write-In Totals ,0.00%
1016,United States Senator,John Cornyn ,22.75%
1016,United States Senator,"Mary ""MJ"" Hegar ",74.43%
1016,United States Senator,Kerry Douglas McKennon ,1.94%
1016,United States Senator,David B. Collins ,0.71%
1016,United States Senator,Write-In Totals ,0.18%
1016,"United States Representative, District 20",Mauro Garza ,15.18%
1016,"United States Representative, District 20",Joaquin Castro ,83.42%
1016,"United States Representative, District 20",Jeffrey Blunt ,1.40%
1016,Railroad Commissioner,"James ""Jim"" Wright ",18.88%
1016,Railroad Commissioner,Chrysta Casta,78.15%
1016,Railroad Commissioner,Matt Sterett ,2.27%
1016,Railroad Commissioner,"Katija ""Kat"" Gruene ",0.70%
1016,"Chief Justice, Supreme Court",Nathan Hecht ,19.01%
1016,"Chief Justice, Supreme Court",Amy Clark Meachum ,79.04%
1016,"Chief Justice, Supreme Court",Mark Ash ,1.95%
1016,"Justice, Supreme Court, Place 6 (Unexpired Term)",Jane Bland ,21.54%
1016,"Justice, Supreme Court, Place 6 (Unexpired Term)",Kathy Cheng ,78.46%
1016,"Justice, Supreme Court, Place 7",Jeff Boyd ,19.57%
1016,"Justice, Supreme Court, Place 7",Staci Williams ,78.47%
1016,"Justice, Supreme Court, Place 7",William Bryan Strange III ,1.96%
1016,"Justice, Supreme Court, Place 8",Brett Busby ,18.60%
1016,"Justice, Supreme Court, Place 8",Gisela D. Triana ,78.89%
1016,"Justice, Supreme Court, Place 8",Tom Oxford ,2.50%
1016,"Judge, Court of Criminal Appeals, Place 3",Bert Richardson ,20.04%
1016,"Judge, Court of Criminal Appeals, Place 3",Elizabeth Davis Frizell ,79.96%
1016,"Judge, Court of Criminal Appeals, Place 4",Kevin Patrick Yeary ,23.16%
1016,"Judge, Court of Criminal Appeals, Place 4",Tina Clinton ,76.84%
1016,"Judge, Court of Criminal Appeals, Place 9",David Newell ,21.12%
1016,"Judge, Court of Criminal Appeals, Place 9",Brandon Birmingham ,78.88%
1016,"State Senator, District 19","Peter P. ""Pete"" Flores ",23.14%
1016,"State Senator, District 19",Roland Gutierrez ,73.67%
1016,"State Senator, District 19",Jo-Anne Valdivia ,3.18%
1016,"State Representative, District 118",Adam Salyer ,17.20%
1016,"State Representative, District 118",Leo Pacheco ,78.90%
1016,"State Representative, District 118",Eric Jason Velasquez ,3.90%
1016,"Chief Justice, 4th Court of Appeals District",Ren,18.54%
1016,"Chief Justice, 4th Court of Appeals District",Rebeca Martinez ,81.46%
1016,"District Judge, 37th Judicial District",Joseph P. Appelt ,18.85%
1016,"District Judge, 37th Judicial District",Nicole Garza ,81.15%
1016,"District Judge, 144th Judicial District (Unexpired Term)",Melisa Skinner ,22.84%
1016,"District Judge, 144th Judicial District (Unexpired Term)",Michael Mery ,77.16%
1016,"District Judge, 386th Judicial District",Daphne Previti Austin ,19.13%
1016,"District Judge, 386th Judicial District","Jacqueline ""Jackie"" Vald",80.87%
1016,"District Judge, 399th Judicial District",Walden Shelton ,18.26%
1016,"District Judge, 399th Judicial District",Frank J. Castro ,81.74%
1016,"District Judge, 407th Judicial District",Stephani Walsh ,18.78%
1016,"District Judge, 407th Judicial District",Tina Torres ,81.22%
1016,Sheriff,"Gerard C. ""Gerry"" Rickhoff ",16.12%
1016,Sheriff,Javier Salazar ,83.54%
1016,Sheriff,Write-In Totals ,0.35%
1016,County Tax Assessor-Collector,Stephen David Pennington ,19.12%
1016,County Tax Assessor-Collector,Albert Uresti ,80.88%
1016,"County Commissioner, Precinct No. 1",Gabriel Lara ,20.81%
1016,"County Commissioner, Precinct No. 1","Rebeca ""Becky"" Clay-Flores ",79.19%
1016,CITY OF SAN ANTONIO - PROPOSITION A,FOR ,79.57%
1016,CITY OF SAN ANTONIO - PROPOSITION A,AGAINST ,20.43%
1016,CITY OF SAN ANTONIO - PROPOSITION B,FOR ,82.80%
1016,CITY OF SAN ANTONIO - PROPOSITION B,AGAINST ,17.20%
1016,Advanced Transportation District - Proposition A,FOR ,73.37%
1016,Advanced Transportation District - Proposition A,AGAINST ,26.63%
1017,President and Vice President,Donald J. Trump ,34.33%
1017,President and Vice President,Joseph R. Biden ,64.18%
1017,President and Vice President,Jo Jorgensen ,1.49%
1017,President and Vice President,Howie Hawkins ,0.00%
1017,President and Vice President,Write-In Totals ,0.00%
1017,United States Senator,John Cornyn ,37.01%
1017,United States Senator,"Mary ""MJ"" Hegar ",60.63%
1017,United States Senator,Kerry Douglas McKennon ,1.57%
1017,United States Senator,David B. Collins ,0.79%
1017,United States Senator,Write-In Totals ,0.00%
1017,"United States Representative, District 35",Jenny Garcia Sharon ,33.85%
1017,"United States Representative, District 35",Lloyd Doggett ,58.46%
1017,"United States Representative, District 35",Mark Loewe ,2.31%
1017,"United States Representative, District 35",Jason Mata,5.38%
1017,Railroad Commissioner,"James ""Jim"" Wright ",31.01%
1017,Railroad Commissioner,Chrysta Casta,65.12%
1017,Railroad Commissioner,Matt Sterett ,2.33%
1017,Railroad Commissioner,"Katija ""Kat"" Gruene ",1.55%
1017,"Chief Justice, Supreme Court",Nathan Hecht ,33.59%
1017,"Chief Justice, Supreme Court",Amy Clark Meachum ,63.28%
1017,"Chief Justice, Supreme Court",Mark Ash ,3.12%
1017,"Justice, Supreme Court, Place 6 (Unexpired Term)",Jane Bland ,40.32%
1017,"Justice, Supreme Court, Place 6 (Unexpired Term)",Kathy Cheng ,59.68%
1017,"Justice, Supreme Court, Place 7",Jeff Boyd ,35.16%
1017,"Justice, Supreme Court, Place 7",Staci Williams ,60.16%
1017,"Justice, Supreme Court, Place 7",William Bryan Strange III ,4.69%
1017,"Justice, Supreme Court, Place 8",Brett Busby ,34.13%
1017,"Justice, Supreme Court, Place 8",Gisela D. Triana ,61.90%
1017,"Justice, Supreme Court, Place 8",Tom Oxford ,3.97%
1017,"Judge, Court of Criminal Appeals, Place 3",Bert Richardson ,36.29%
1017,"Judge, Court of Criminal Appeals, Place 3",Elizabeth Davis Frizell ,63.71%
1017,"Judge, Court of Criminal Appeals, Place 4",Kevin Patrick Yeary ,38.40%
1017,"Judge, Court of Criminal Appeals, Place 4",Tina Clinton ,61.60%
1017,"Judge, Court of Criminal Appeals, Place 9",David Newell ,34.43%
1017,"Judge, Court of Criminal Appeals, Place 9",Brandon Birmingham ,65.57%
1017,"State Senator, District 19","Peter P. ""Pete"" Flores ",38.46%
1017,"State Senator, District 19",Roland Gutierrez ,58.46%
1017,"State Senator, District 19",Jo-Anne Valdivia ,3.08%
